Protein Type,Mutation,Protein,HA_Type,Original Site,Original protein type,PMID,Source
H1-combination_0_0,HA1-129D,H3,,125&127&222&223DEGQ,H1,PMID:35622874,"Combinations of N125D, D127E, D222G and R223Q substitutions were introduced to the HA protein of A/Slovenia/2903/2015 (A/SLOV15). A/SLOV15 S13, containing all four HA substitutions, produced approximately 1000-fold more virus than parental V1 during hNEC infection. S13 displayed increased binding avidity to a mammalian-like α-2,6 receptor analogue (6-SLN), relative to V1, while maintaining avian-like 3-SLN avidity."
H1-combination_0_1,HA1-131E,H3,,125&127&222&223DEGQ,H1,PMID:35622874,"Combinations of N125D, D127E, D222G and R223Q substitutions were introduced to the HA protein of A/Slovenia/2903/2015 (A/SLOV15). A/SLOV15 S13, containing all four HA substitutions, produced approximately 1000-fold more virus than parental V1 during hNEC infection. S13 displayed increased binding avidity to a mammalian-like α-2,6 receptor analogue (6-SLN), relative to V1, while maintaining avian-like 3-SLN avidity."
H1-combination_0_2,HA1-225G,H3,,125&127&222&223DEGQ,H1,PMID:35622874,"Combinations of N125D, D127E, D222G and R223Q substitutions were introduced to the HA protein of A/Slovenia/2903/2015 (A/SLOV15). A/SLOV15 S13, containing all four HA substitutions, produced approximately 1000-fold more virus than parental V1 during hNEC infection. S13 displayed increased binding avidity to a mammalian-like α-2,6 receptor analogue (6-SLN), relative to V1, while maintaining avian-like 3-SLN avidity."
H1-combination_0_3,HA1-226Q,H3,,125&127&222&223DEGQ,H1,PMID:35622874,"Combinations of N125D, D127E, D222G and R223Q substitutions were introduced to the HA protein of A/Slovenia/2903/2015 (A/SLOV15). A/SLOV15 S13, containing all four HA substitutions, produced approximately 1000-fold more virus than parental V1 during hNEC infection. S13 displayed increased binding avidity to a mammalian-like α-2,6 receptor analogue (6-SLN), relative to V1, while maintaining avian-like 3-SLN avidity."
H1,HA1-169P,H3,H1,183P,H1,PMID:29630683,"The S183P mutation significantly increased binding to several α2,6 SA-linked glycans, including YDS, 6′SL(N), and 6-Su-6′SLN, compared to the wild-type virus (↑3.6-fold, P < 0.05)."
H1,HA1-119D,H3,H1,129D,H1,PMID:29630683,"Two other HA1 mutations, N129D and G155E, were sufficient to significantly increase binding to α2,6-linked glycans, 6′SLN and 6-Su-6′SLN, compared to S183P (↑4.1-fold, P < 0.05)."
H1,HA1-141E,H3,H1,155E,H1,PMID:29630683,"Two other HA1 mutations, N129D and G155E, were sufficient to significantly increase binding to α2,6-linked glycans, 6′SLN and 6-Su-6′SLN, compared to S183P (↑4.1-fold, P < 0.05)."
H1,HA1-193R,H3,,190R,H1,PMID:29445999,"The single mutation to arginine at position 190 slightly increased the binding affinity of the virus to the avian receptor and decreased its binding to the long human α2,6-linked sialic acid receptor."
H1,HA1-205T,H3,,202T,H1,PMID:27339001,"HA S202T mutation increases virus binding to human-like α2,6-linked sialic acids."
H1-combination_6_0,HA1-119E,H1,,119&186ED,H1,PMID:19864389,"The V5-119E/N and V5-186D viruses exhibited binding specificities similar to that of V5. The double HA mutant V5-119E/186D bound to α2,6-SA better than to α2,3-SA."
H1-combination_6_1,HA1-189D,H3,,119&186ED,H1,PMID:19864389,"The V5-119E/N and V5-186D viruses exhibited binding specificities similar to that of V5. The double HA mutant V5-119E/186D bound to α2,6-SA better than to α2,3-SA."
H10,HA1-226L,H3,,220L,H10,PMID:29443887,Q220L (H10 numbering) in the rim of the receptor binding pocket increased the affinity of the H10N4 virus to mammal-type receptors and completely abolished the affinity to avian-type receptors.
H3-combination_8_0,HA1-226L,H3,,226&228LG,H3,PMID:20574518,"A unique transmission event with the ElSalv/57 virus occurred which produced a 226L/228G H2N2 natural variant virus that displayed an increase in binding specificity to alpha 2,6 glycan receptors and enhanced respiratory droplet transmissibility."
H3-combination_8_1,HA1-228G,H3,,226&228LG,H3,PMID:20574518,"A unique transmission event with the ElSalv/57 virus occurred which produced a 226L/228G H2N2 natural variant virus that displayed an increase in binding specificity to alpha 2,6 glycan receptors and enhanced respiratory droplet transmissibility."
H3-combination_9_0,HA1-156R,H3,,156&158&186&263R-TG,H3,PMID:36189435,"It also provides evidence that the P186T, H156R, S263G mutations and amino acid deletion at position 158 of the HA protein were instrumental in the switch of the H6N6 virus binding from the avian-like SAα-2,3 Gal receptor to the human-like SAα-2,6 Gal and avian-like SAα-2,3 Gal receptors."
H3-combination_9_1,HA1-158-,H3,,156&158&186&263R-TG,H3,PMID:36189435,"It also provides evidence that the P186T, H156R, S263G mutations and amino acid deletion at position 158 of the HA protein were instrumental in the switch of the H6N6 virus binding from the avian-like SAα-2,3 Gal receptor to the human-like SAα-2,6 Gal and avian-like SAα-2,3 Gal receptors."
H3-combination_9_2,HA1-186T,H3,,156&158&186&263R-TG,H3,PMID:36189435,"It also provides evidence that the P186T, H156R, S263G mutations and amino acid deletion at position 158 of the HA protein were instrumental in the switch of the H6N6 virus binding from the avian-like SAα-2,3 Gal receptor to the human-like SAα-2,6 Gal and avian-like SAα-2,3 Gal receptors."
H3-combination_9_3,HA1-263G,H3,,156&158&186&263R-TG,H3,PMID:36189435,"It also provides evidence that the P186T, H156R, S263G mutations and amino acid deletion at position 158 of the HA protein were instrumental in the switch of the H6N6 virus binding from the avian-like SAα-2,3 Gal receptor to the human-like SAα-2,6 Gal and avian-like SAα-2,3 Gal receptors."
H3-combination_10_0,HA1-187P,H3,,187&227PL,H3,PMID:36103978,These results indicated that T187P ​+ ​M227L combined mutation in HA protein increased the binding affinity of the virus to human-type receptors.(H3 numbering)
H3-combination_10_1,HA1-227L,H3,,187&227PL,H3,PMID:36103978,These results indicated that T187P ​+ ​M227L combined mutation in HA protein increased the binding affinity of the virus to human-type receptors.(H3 numbering)
H3-combination_11_0,HA1-75K,H3,,H3-HA1-75K&H3-HA1-123P&H3-HA2-167K,H3,PMID:35916512,"The introduction of various combinations of three mutations into the VN1194 HA enhanced SAα2,6Gal binding even further."
H3-combination_11_1,HA1-123P,H3,,H3-HA1-75K&H3-HA1-123P&H3-HA2-167K,H3,PMID:35916512,"The introduction of various combinations of three mutations into the VN1194 HA enhanced SAα2,6Gal binding even further."
H3-combination_11_2,HA2-167K,H3,,H3-HA1-75K&H3-HA1-123P&H3-HA2-167K,H3,PMID:35916512,"The introduction of various combinations of three mutations into the VN1194 HA enhanced SAα2,6Gal binding even further."
H3,HA1-81D,H3,,81D,H3,PMID:34555124,"Thus, whereas substitution N81D and loss of NG81 increased HA binding to 6’SLN, the substitution D63N and attachment of NG63 fully compensated for this effect."
H3,HA1-138V,H3,,138V,H3,PMID:33424035,Amino acids 138V and 186K adjoining RBS reduce the binding of H5N1 viruses to avian-type cell receptors (Neu5Acα2-3Gal) and increase the affinity to human-type receptors (Neu5Acα2-6Gal) and thus can be considered to be associated with adaptation
H3,HA1-186K,H3,,186K,H3,PMID:33424035,Amino acids 138V and 186K adjoining RBS reduce the binding of H5N1 viruses to avian-type cell receptors (Neu5Acα2-3Gal) and increase the affinity to human-type receptors (Neu5Acα2-6Gal) and thus can be considered to be associated with adaptation
H3,HA1-227M,H3,,227M,H3,PMID:33391219,"In summary, mutations Q227M, D145G, D145N, S119R, and R246K can significantly enhance the binding strength of the H9N2 virus to both avian and human receptors."
H3,HA1-145G,H3,,145G,H3,PMID:33391219,"In summary, mutations Q227M, D145G, D145N, S119R, and R246K can significantly enhance the binding strength of the H9N2 virus to both avian and human receptors."
H3,HA1-145N,H3,,145N,H3,PMID:33391219,"In summary, mutations Q227M, D145G, D145N, S119R, and R246K can significantly enhance the binding strength of the H9N2 virus to both avian and human receptors."
H3,HA1-119R,H3,,119R,H3,PMID:33391219,"In summary, mutations Q227M, D145G, D145N, S119R, and R246K can significantly enhance the binding strength of the H9N2 virus to both avian and human receptors."
H3,HA1-246K,H3,,246K,H3,PMID:33391219,"In summary, mutations Q227M, D145G, D145N, S119R, and R246K can significantly enhance the binding strength of the H9N2 virus to both avian and human receptors."
H3,HA1-160D,H3,,160D,H3,PMID:33391219,"Mutations A160D/N, Q156R, T205A, Q226L, V245I, V216L, D208E, T212I, R172Q, and S175N can significantly enhance the binding strength to human receptors."
H3,HA1-160N,H3,,160N,H3,PMID:33391219,"Mutations A160D/N, Q156R, T205A, Q226L, V245I, V216L, D208E, T212I, R172Q, and S175N can significantly enhance the binding strength to human receptors."
H3,HA1-156R,H3,,156R,H3,PMID:33391219,"Mutations A160D/N, Q156R, T205A, Q226L, V245I, V216L, D208E, T212I, R172Q, and S175N can significantly enhance the binding strength to human receptors"
H3,HA1-205A,H3,,205A,H3,PMID:33391219,"Mutations A160D/N, Q156R, T205A, Q226L, V245I, V216L, D208E, T212I, R172Q, and S175N can significantly enhance the binding strength to human receptors."
H3,HA1-226L,H3,,226L,H3,PMID:33391219,"Mutations A160D/N, Q156R, T205A, Q226L, V245I, V216L, D208E, T212I, R172Q, and S175N can significantly enhance the binding strength to human receptors."
H3,HA1-245I,H3,,245I,H3,PMID:33391219,"Mutations A160D/N, Q156R, T205A, Q226L, V245I, V216L, D208E, T212I, R172Q, and S175N can significantly enhance the binding strength to human receptors."
H3,HA1-216I,H3,,216I,H3,PMID:33391219,"Mutations A160D/N, Q156R, T205A, Q226L, V245I, V216L, D208E, T212I, R172Q, and S175N can significantly enhance the binding strength to human receptors."
H3,HA1-208E,H3,,208E,H3,PMID:33391219,"Mutations A160D/N, Q156R, T205A, Q226L, V245I, V216L, D208E, T212I, R172Q, and S175N can significantly enhance the binding strength to human receptors."
H3,HA1-212I,H3,,212I,H3,PMID:33391219,"Mutations A160D/N, Q156R, T205A, Q226L, V245I, V216L, D208E, T212I, R172Q, and S175N can significantly enhance the binding strength to human receptors."
H3,HA1-172Q,H3,,172Q,H3,PMID:33391219,"Mutations A160D/N, Q156R, T205A, Q226L, V245I, V216L, D208E, T212I, R172Q, and S175N can significantly enhance the binding strength to human receptors."
H3,HA1-175N,H3,,175N,H3,PMID:33391219,"Mutations A160D/N, Q156R, T205A, Q226L, V245I, V216L, D208E, T212I, R172Q, and S175N can significantly enhance the binding strength to human receptors."
H3,HA1-228A,H3,,228A,H3,PMID:32967956,"However, the single-mutation avian H4-G228A or G228S grants the viruses human receptor-binding ability and maintains avian receptor binding (Figures 4B and 4C), although the G228A mutant displays slightly weaker binding to human receptors than avian receptors"
H3,HA1-228S,H3,,228S,H3,PMID:32967956,"However, the single-mutation avian H4-G228A or G228S grants the viruses human receptor-binding ability and maintains avian receptor binding (Figures 4B and 4C), although the G228A mutant displays slightly weaker binding to human receptors than avian receptors"
H3,HA1-210S,H3,,210S,H3,PMID:32602461,"Compared to HA1-N210, the HA1-S210 subpopulation that rapidly became dominant in G15-inoculated ferrets had increased HA stability and increased binding to α2,6- versus α2,3-linked receptors (Figure 3D)."
H3-combination_34_0,HA1-186G,H3,,186&193&228GTS,H3,PMID:32455845,"Two substitutions, each containing three amino acid mutations (V186G/K-K193T-G228S or V186N-N224K-G228S), successfully demonstrated an acute loss of binding to α-2,3 SA receptors whilst increasing avidity for α-2,6 SA receptors and subsequent effective binding to human trachea epithelial cells."
H3-combination_34_1,HA1-193T,H3,,186&193&228GTS,H3,PMID:32455845,"Two substitutions, each containing three amino acid mutations (V186G/K-K193T-G228S or V186N-N224K-G228S), successfully demonstrated an acute loss of binding to α-2,3 SA receptors whilst increasing avidity for α-2,6 SA receptors and subsequent effective binding to human trachea epithelial cells."
H3-combination_34_2,HA1-228S,H3,,186&193&228GTS,H3,PMID:32455845,"Two substitutions, each containing three amino acid mutations (V186G/K-K193T-G228S or V186N-N224K-G228S), successfully demonstrated an acute loss of binding to α-2,3 SA receptors whilst increasing avidity for α-2,6 SA receptors and subsequent effective binding to human trachea epithelial cells."
H3-combination_35_0,HA1-186K,H3,,186&193&228KTS,H3,PMID:32455845,"Two substitutions, each containing three amino acid mutations (V186G/K-K193T-G228S or V186N-N224K-G228S), successfully demonstrated an acute loss of binding to α-2,3 SA receptors whilst increasing avidity for α-2,6 SA receptors and subsequent effective binding to human trachea epithelial cells."
H3-combination_35_1,HA1-193T,H3,,186&193&228KTS,H3,PMID:32455845,"Two substitutions, each containing three amino acid mutations (V186G/K-K193T-G228S or V186N-N224K-G228S), successfully demonstrated an acute loss of binding to α-2,3 SA receptors whilst increasing avidity for α-2,6 SA receptors and subsequent effective binding to human trachea epithelial cells."
H3-combination_35_2,HA1-228S,H3,,186&193&228KTS,H3,PMID:32455845,"Two substitutions, each containing three amino acid mutations (V186G/K-K193T-G228S or V186N-N224K-G228S), successfully demonstrated an acute loss of binding to α-2,3 SA receptors whilst increasing avidity for α-2,6 SA receptors and subsequent effective binding to human trachea epithelial cells."
H3-combination_36_0,HA1-186I,H3,,186&226IL,H3,PMID:32337071,"However, when the V186I mutation combined with Q226L mutation in the A138/I186/P221/L226 recombinant virus resulted in even greater human-type receptor specificity, which slightly enhancing of human receptor-binding capacity is accompanied by decreasing of avian receptor-binding affinity and contributes to the relatively higher affinity for human receptor."
H3-combination_36_1,HA1-226L,H3,,186&226IL,H3,PMID:32337071,"However, when the V186I mutation combined with Q226L mutation in the A138/I186/P221/L226 recombinant virus resulted in even greater human-type receptor specificity, which slightly enhancing of human receptor-binding capacity is accompanied by decreasing of avian receptor-binding affinity and contributes to the relatively higher affinity for human receptor."
H3,HA1-186I,H3,,186I,H3,PMID:32337071,It is likely that the V186I substitution contributed to the acquisition of the human receptor-binding capacity by the A/China/LN/2017 virus and impaired its avian receptor-binding capacity.(H3 numbering)
H3-combination_38_0,HA1-186N,H3,,186&224&228NKS,H3,PMID:31951605,Several alternative three-amino-acid mutations (V186G/K-K193T-G228S or V186N-N224K-G228S) can switch the receptor specificity of the H7N9 HA from avian- to human-type.(H3 numbering)
H3-combination_38_1,HA1-224K,H3,,186&224&228NKS,H3,PMID:31951605,Several alternative three-amino-acid mutations (V186G/K-K193T-G228S or V186N-N224K-G228S) can switch the receptor specificity of the H7N9 HA from avian- to human-type.(H3 numbering)
H3-combination_38_2,HA1-228S,H3,,186&224&228NKS,H3,PMID:31951605,Several alternative three-amino-acid mutations (V186G/K-K193T-G228S or V186N-N224K-G228S) can switch the receptor specificity of the H7N9 HA from avian- to human-type.(H3 numbering)
H3,HA1-161F,H3,,161F,H3,PMID:29118117,"This Y161F mutation not only increased HA thermostability but also enhanced its binding affinity for α2,6- and α2,3-linked Neu5Ac."
H3-combination_40_0,HA1-226L,H3,,226&228LS,H3,PMID:28768203,"We found that both the avian H4-Q226L and avian H4-Q226L-G228S mutant viruses reverse the binding mode of the avian H4 virus and preferentially bind to human receptors, with no avian receptor binding (Figures 4A and 4D), indicating that Q226L plays a major role for the receptor specificity switch."
H3-combination_40_1,HA1-228S,H3,,226&228LS,H3,PMID:28768203,"We found that both the avian H4-Q226L and avian H4-Q226L-G228S mutant viruses reverse the binding mode of the avian H4 virus and preferentially bind to human receptors, with no avian receptor binding (Figures 4A and 4D), indicating that Q226L plays a major role for the receptor specificity switch."
H3-combination_41_0,HA1-222V,H3,,222&228VS,H3,PMID:28400591,"These results were confirmed by the virus glycan-binding assay results, which showed that wild-type H6N6 virus can bind to  α2,3- and  α2,6-linked sialic acids and that substitution G228S (avian to swine) significantly increased the binding affinities of H6N6 IAV to three  α2,6-linked sialic acids that we testedt.The substituions 222V/228S  increased replication efficiency."
H3-combination_41_1,HA1-228S,H3,,222&228VS,H3,PMID:28400591,"These results were confirmed by the virus glycan-binding assay results, which showed that wild-type H6N6 virus can bind to  α2,3- and  α2,6-linked sialic acids and that substitution G228S (avian to swine) significantly increased the binding affinities of H6N6 IAV to three  α2,6-linked sialic acids that we testedt.The substituions 222V/228S  increased replication efficiency."
H3,HA1-190V,H3,,190V,H3,PMID:28148793,"The 190V mutation did not have a major impact on the recognition of α2,3-linked sialic acid. However, binding to glycans containing α2,6- or α2,8/9-linked sialic acids was greatly enhanced."
H3,HA2-46E,H3,,HA2-46E,H3,PMID:26552719,"These results show that HA1-Q227P substitution increased the ability of the adapted virus to bind to the avian-type receptor, while the HA2-D46E substitution enhanced binding to both avian- and human-type receptors."
H3,HA1-190G,H3,,190G,H3,PMID:26518983,"Results demonstrated that rVN-E190G virus increased the binding avidity to α2,6 SA (sialic acid) and reduced the affinity to α2,3 SA, meanwhile weakened the viral replication in vitro. (H3 numbering)"
H3-combination_45_0,HA1-190V,H3,,190&228VS,H3,PMID:25940072,E190V and G228S substitutions are important to acquire the human receptor-binding capacity.
H3-combination_45_1,HA1-228S,H3,,190&228VS,H3,PMID:25940072,E190V and G228S substitutions are important to acquire the human receptor-binding capacity.
H3,HA1-155T,H3,,155T,H3,PMID:25411973,"The amino acid mutation I155T (H3 numbering used throughout) in HA favors the binding of H9N2 virus to the α-2, 6-siaylglycopolymer."
H3-combination_47_0,HA1-133-,H3,,133&155-Y,H3,PMID:24889237,"In contrast, a double mutant, Δ133/Ile155Thr, isolated in Egypt has greater avidity for human receptor while retaining wild-type avidity for avian receptor."
H3-combination_47_1,HA1-155Y,H3,,133&155-Y,H3,PMID:24889237,"In contrast, a double mutant, Δ133/Ile155Thr, isolated in Egypt has greater avidity for human receptor while retaining wild-type avidity for avian receptor."
H3-combination_48_0,HA1-186V,H3,,186&226VL,H3,PMID:24162312,"The results indicate that the novel H7N9 viruses have acquired the ability to bind to human-like receptors, for which substitutions at position 186 and 226 are responsible.(H3 numbering)"
H3-combination_48_1,HA1-226L,H3,,186&226VL,H3,PMID:24162312,"The results indicate that the novel H7N9 viruses have acquired the ability to bind to human-like receptors, for which substitutions at position 186 and 226 are responsible.(H3 numbering)"
H3,HA1-186N,H3,,186N,H3,PMID:23760233,"In order to confirm the importance of residue V186 in the receptor binding of H13 protein, we generated the H13N186 mutant protein and measured receptor binding using the SPR method. We found that this mutant protein reduced the binding of the avian receptor analog, but increased the binding of the human receptor analog, compared with wild-type H13 protein."
H3,HA1-186V,H3,,186V,H3,PMID:23760233,"Work with an H13N186 mutant confirmed the importance of V186 in the receptor binding specificity of H13 HA, which shows that the mutant protein reduced the binding of an avian receptor analog but increased the binding of a human receptor analog."
H3,HA1-133-,H3,,133-,H3,PMID:22258863,"Mutational analyses revealed that amino acid at HA position 190 (H3 numbering) primarily determined the specificity of receptor binding, while the insertion at position 133 influenced the avidity of receptor binding.Interestingly, the latter virus, designated hvHA(del R133), showed higher affinity for 2,3-linked as well as 2,6-linked SA compared with wild-type hvHA when tested in the fetuin-binding assay (Fig. 5)."
H3,HA1-187G,H3,,187G,H3,PMID:22056389,"By in vitro selection for binding α2-6 sialosides, we identified four variant viruses with amino acid substitutions in the hemagglutinin (S227N, D187G, E190G, and Q196R) that revealed modestly increased α2-6 and minimally decreased α2-3 binding by glycan array analysis."
H3,HA1-196R,H3,,196R,H3,PMID:22056389,"By in vitro selection for binding α2-6 sialosides, we identified four variant viruses with amino acid substitutions in the hemagglutinin (S227N, D187G, E190G, and Q196R) that revealed modestly increased α2-6 and minimally decreased α2-3 binding by glycan array analysis."
H3,HA1-227N,H3,,227N,H3,PMID:22056389,"By in vitro selection for binding α2-6 sialosides, we identified four variant viruses with amino acid substitutions in the hemagglutinin (S227N, D187G, E190G, and Q196R) that revealed modestly increased α2-6 and minimally decreased α2-3 binding by glycan array analysis."
H3,HA1-255K,H3,,255K,H3,PMID:22056389,"Five of the 8 variant VN04 viruses; D187G, E190G, Q196R, S227N, and E255K, had increased binding to 6′ sialyl-lactosamine relative to WT parental virus."
H3-combination_57_0,HA1-187G,H3,,187&227GN,H3,PMID:22056389,"The sialoglycan-ELISA assay revealed a slightly additive effect of the pairwise mutations on sialoglycan binding; 227N-187G, and 227N-196R showed a slightly increased α2-6-linked sialyl-lactosamine (6′SLN) binding at lower glycan concentrations as compared to viruses with a single amino acid change."
H3-combination_57_1,HA1-227N,H3,,187&227GN,H3,PMID:22056389,"The sialoglycan-ELISA assay revealed a slightly additive effect of the pairwise mutations on sialoglycan binding; 227N-187G, and 227N-196R showed a slightly increased α2-6-linked sialyl-lactosamine (6′SLN) binding at lower glycan concentrations as compared to viruses with a single amino acid change."
H3-combination_58_0,HA1-196R,H3,,196&227RN,H3,PMID:22056389,"The sialoglycan-ELISA assay revealed a slightly additive effect of the pairwise mutations on sialoglycan binding; 227N-187G, and 227N-196R showed a slightly increased α2-6-linked sialyl-lactosamine (6′SLN) binding at lower glycan concentrations as compared to viruses with a single amino acid change."
H3-combination_58_1,HA1-227N,H3,,196&227RN,H3,PMID:22056389,"The sialoglycan-ELISA assay revealed a slightly additive effect of the pairwise mutations on sialoglycan binding; 227N-187G, and 227N-196R showed a slightly increased α2-6-linked sialyl-lactosamine (6′SLN) binding at lower glycan concentrations as compared to viruses with a single amino acid change."
H3-combination_59_0,HA1-196R,H3,,196&226&228RLS,H3,PMID:22056389,"Glycan array analysis showed that introducing any one of the three 190 loop mutations into the EG06-226L226S framework significantly increased the switch to α2-6 specificity (Fig. 4). In particular, the EG06-187G/226L/228S or EG06-190G/226L/228S viruses showed a notable decreased affinity for α2-3 sialoglycans. Remarkably, the EG06-196R/226L/228S virus exhibited little α2-3 sialoglycan binding and strong binding to α2-6 sialoglycans."
H3-combination_59_1,HA1-226L,H3,,196&226&228RLS,H3,PMID:22056389,"Glycan array analysis showed that introducing any one of the three 190 loop mutations into the EG06-226L226S framework significantly increased the switch to α2-6 specificity (Fig. 4). In particular, the EG06-187G/226L/228S or EG06-190G/226L/228S viruses showed a notable decreased affinity for α2-3 sialoglycans. Remarkably, the EG06-196R/226L/228S virus exhibited little α2-3 sialoglycan binding and strong binding to α2-6 sialoglycans."
H3-combination_59_2,HA1-228S,H3,,196&226&228RLS,H3,PMID:22056389,"Glycan array analysis showed that introducing any one of the three 190 loop mutations into the EG06-226L226S framework significantly increased the switch to α2-6 specificity (Fig. 4). In particular, the EG06-187G/226L/228S or EG06-190G/226L/228S viruses showed a notable decreased affinity for α2-3 sialoglycans. Remarkably, the EG06-196R/226L/228S virus exhibited little α2-3 sialoglycan binding and strong binding to α2-6 sialoglycans."
H3-combination_60_0,HA1-187G,H3,,187&190&196&227GGRN,H3,PMID:22056389,"By in vitro selection for binding α2-6 sialosides, we identified four variant viruses with amino acid substitutions in the hemagglutinin (S227N, D187G, E190G, and Q196R) that revealed modestly increased α2-6 and minimally decreased α2-3 binding by glycan array analysis.(H3 numbering)"
H3-combination_60_1,HA1-190G,H3,,187&190&196&227GGRN,H3,PMID:22056389,"By in vitro selection for binding α2-6 sialosides, we identified four variant viruses with amino acid substitutions in the hemagglutinin (S227N, D187G, E190G, and Q196R) that revealed modestly increased α2-6 and minimally decreased α2-3 binding by glycan array analysis.(H3 numbering)"
H3-combination_60_2,HA1-196R,H3,,187&190&196&227GGRN,H3,PMID:22056389,"By in vitro selection for binding α2-6 sialosides, we identified four variant viruses with amino acid substitutions in the hemagglutinin (S227N, D187G, E190G, and Q196R) that revealed modestly increased α2-6 and minimally decreased α2-3 binding by glycan array analysis.(H3 numbering)"
H3-combination_60_3,HA1-227N,H3,,187&190&196&227GGRN,H3,PMID:22056389,"By in vitro selection for binding α2-6 sialosides, we identified four variant viruses with amino acid substitutions in the hemagglutinin (S227N, D187G, E190G, and Q196R) that revealed modestly increased α2-6 and minimally decreased α2-3 binding by glycan array analysis.(H3 numbering)"
H3-combination_61_0,HA1-187G,H3,,187&196&227GRN,H3,PMID:22056389,"Reverse genetics generated viruses bearing pairwise combinations of independently selected 187G and 196R with 227N mutations revealed incremental increases in binding to α2-6 sialoglycans, but the viruses retained a strong preference to α2-3 sialoglycans."
H3-combination_61_1,HA1-196R,H3,,187&196&227GRN,H3,PMID:22056389,"Reverse genetics generated viruses bearing pairwise combinations of independently selected 187G and 196R with 227N mutations revealed incremental increases in binding to α2-6 sialoglycans, but the viruses retained a strong preference to α2-3 sialoglycans."
H3-combination_61_2,HA1-227N,H3,,187&196&227GRN,H3,PMID:22056389,"Reverse genetics generated viruses bearing pairwise combinations of independently selected 187G and 196R with 227N mutations revealed incremental increases in binding to α2-6 sialoglycans, but the viruses retained a strong preference to α2-3 sialoglycans."
H3,HA1-228S,H3,,228S,H3,PMID:25940072,"The E190V and G228S mutations in the HA protein, as well as the frequent genetic reassortment of the H6 AIVs, may increase affinity for the human-type receptor, which would pose an increasing threat to public health."
H3-combination_63_0,HA1-187G,H3,,187&190&193&226&228GDSLS,H3,PMID:21397290,"However, with the additional N187G spontaneously derived mutation present in the rHK486-GDSLS virus, binding was restored with four of the α2–6 sialoside glycans (#46–48 and 56–58; Table 2) and binding was only detected with two of the α2–3 sialosides (#4, 34; Fig. 1D)."
H3-combination_63_1,HA1-190D,H3,,187&190&193&226&228GDSLS,H3,PMID:21397290,"However, with the additional N187G spontaneously derived mutation present in the rHK486-GDSLS virus, binding was restored with four of the α2–6 sialoside glycans (#46–48 and 56–58; Table 2) and binding was only detected with two of the α2–3 sialosides (#4, 34; Fig. 1D)."
H3-combination_63_2,HA1-193S,H3,,187&190&193&226&228GDSLS,H3,PMID:21397290,"However, with the additional N187G spontaneously derived mutation present in the rHK486-GDSLS virus, binding was restored with four of the α2–6 sialoside glycans (#46–48 and 56–58; Table 2) and binding was only detected with two of the α2–3 sialosides (#4, 34; Fig. 1D)."
H3-combination_63_3,HA1-226L,H3,,187&190&193&226&228GDSLS,H3,PMID:21397290,"However, with the additional N187G spontaneously derived mutation present in the rHK486-GDSLS virus, binding was restored with four of the α2–6 sialoside glycans (#46–48 and 56–58; Table 2) and binding was only detected with two of the α2–3 sialosides (#4, 34; Fig. 1D)."
H3-combination_63_4,HA1-228S,H3,,187&190&193&226&228GDSLS,H3,PMID:21397290,"However, with the additional N187G spontaneously derived mutation present in the rHK486-GDSLS virus, binding was restored with four of the α2–6 sialoside glycans (#46–48 and 56–58; Table 2) and binding was only detected with two of the α2–3 sialosides (#4, 34; Fig. 1D)."
H3,HA1-145K,H3,,145K,H3,PMID:21235490,"The strongest receptor binding affinity was observed for the 2009/H1N1pdm. The inter-fragment interaction energy analysis revealed that the amino acid mutation of 2009/H1N1pdm, Ser145Lys, was a major cause of such strong binding affinity(α2-6 linked sialyloligosaccharides). (H3 numbering)"
H3,HA1-159N,H3,,159N,H3,PMID:20427525,"The introduction of single amino acids from HK03 HA, S125N, S159N, T160A, K193R, and the double S159N/T160A and T160A/S227N mutations resulted in increased binding to α2,6SAL without a loss of binding to α-2,3SAL."
H3,HA1-160A,H3,,160A,H3,PMID:20427525,"The introduction of single amino acids from HK03 HA, S125N, S159N, T160A, K193R, and the double S159N/T160A and T160A/S227N mutations resulted in increased binding to α2,6SAL without a loss of binding to α-2,3SAL."
H3,HA1-193R,H3,,193R,H3,PMID:20427525,"The introduction of single amino acids from HK03 HA, S125N, S159N, T160A, K193R, and the double S159N/T160A and T160A/S227N mutations resulted in increased binding to α2,6SAL without a loss of binding to α-2,3SAL."
H3,HA1-125N,H3,,125N,H3,PMID:20427525,"The introduction of single amino acids from HK03 HA, S125N, S159N, T160A, K193R, and the double S159N/T160A and T160A/S227N mutations resulted in increased binding to α2,6SAL without a loss of binding to α-2,3SAL."
H3-combination_69_0,HA1-159N,H3,,159&160NA,H3,PMID:20427525,"The introduction of single amino acids from HK03 HA, S125N, S159N, T160A, K193R, and the double S159N/T160A and T160A/S227N mutations resulted in increased binding to α2,6SAL without a loss of binding to α-2,3SAL."
H3-combination_69_1,HA1-160A,H3,,159&160NA,H3,PMID:20427525,"The introduction of single amino acids from HK03 HA, S125N, S159N, T160A, K193R, and the double S159N/T160A and T160A/S227N mutations resulted in increased binding to α2,6SAL without a loss of binding to α-2,3SAL."
H3-combination_70_0,HA1-160A,H3,,160&227AN,H3,PMID:20427525,"The introduction of single amino acids from HK03 HA, S125N, S159N, T160A, K193R, and the double S159N/T160A and T160A/S227N mutations resulted in increased binding to α2,6SAL without a loss of binding to α-2,3SAL."
H3-combination_70_1,HA1-227N,H3,,160&227AN,H3,PMID:20427525,"The introduction of single amino acids from HK03 HA, S125N, S159N, T160A, K193R, and the double S159N/T160A and T160A/S227N mutations resulted in increased binding to α2,6SAL without a loss of binding to α-2,3SAL."
H3-combination_71_0,HA1-193R,H3,,193&226&228RLS,H3,PMID:20392847,"Compared to parental viruses, rHK486-LS, rHK486-GDSLS and rVN1203-RLS viruses exhibited increased binding to red blood cells re-sialylated with α2,6 SA (Table 1)."
H3-combination_71_1,HA1-226L,H3,,193&226&228RLS,H3,PMID:20392847,"Compared to parental viruses, rHK486-LS, rHK486-GDSLS and rVN1203-RLS viruses exhibited increased binding to red blood cells re-sialylated with α2,6 SA (Table 1)."
H3-combination_71_2,HA1-228S,H3,,193&226&228RLS,H3,PMID:20392847,"Compared to parental viruses, rHK486-LS, rHK486-GDSLS and rVN1203-RLS viruses exhibited increased binding to red blood cells re-sialylated with α2,6 SA (Table 1)."
H3-combination_72_0,HA1-135S,H3,,135&138SS,H3,PMID:19399777,"Moreover, we predict that one double mutation (V135S and A138S) in HA significantly enhances α-2,6-linked receptor recognition by the H5 subtype. Our simulations indicate that this double mutation in H5N1 HA increases the binding affinity to α-2,6-linked sialic acid receptors by 2.6 ± 0.7 kcal/mol per HA monomer that primarily arises from the electrostatic interactions."
H3-combination_72_1,HA1-138S,H3,,135&138SS,H3,PMID:19399777,"Moreover, we predict that one double mutation (V135S and A138S) in HA significantly enhances α-2,6-linked receptor recognition by the H5 subtype. Our simulations indicate that this double mutation in H5N1 HA increases the binding affinity to α-2,6-linked sialic acid receptors by 2.6 ± 0.7 kcal/mol per HA monomer that primarily arises from the electrostatic interactions."
H3,HA1-94N,H3,,94N,H3,PMID:19020946,"Our results revealed that the D94 N mutation increased the recognition of H5 HA by SAα2,6Gal human type-receptor and decreased entry of pseudotyped virus HIV-HA-luc into cells with SAα2,3Gal avian-type receptor."
H3-combination_74_0,HA1-160A,H3,,160&226AL,H3,PMID:18672252&PMID:20427525,"Introduction of the T160A mutation into the Q226L and Q226L/G228S mutants improved virus binding affinity for α2,6SAL."
H3-combination_74_1,HA1-226L,H3,,160&226AL,H3,PMID:18672252&PMID:20427525,"Introduction of the T160A mutation into the Q226L and Q226L/G228S mutants improved virus binding affinity for α2,6SAL."
H3-combination_75_0,HA1-160A,H3,,160&226&228ALS,H3,PMID:18672252&PMID:20427525,"Introduction of the T160A mutation into the Q226L and Q226L/G228S mutants improved virus binding affinity for α2,6SAL."
H3-combination_75_1,HA1-226L,H3,,160&226&228ALS,H3,PMID:18672252&PMID:20427525,"Introduction of the T160A mutation into the Q226L and Q226L/G228S mutants improved virus binding affinity for α2,6SAL."
H3-combination_75_2,HA1-228S,H3,,160&226&228ALS,H3,PMID:18672252&PMID:20427525,"Introduction of the T160A mutation into the Q226L and Q226L/G228S mutants improved virus binding affinity for α2,6SAL."
H3-combination_76_0,HA1-158S,H3,,158&226&248SLD,H3,PMID:18404209,A/Vietnam/1203/04 (H5N1) virus carrying the triple N158S/Q226L/N248D HA mutation and grown in MDCK-SIAT1 cells was genetically stable and demonstrated the switch from avian to human receptor specificity (Figure 1B).
H3-combination_76_1,HA1-226L,H3,,158&226&248SLD,H3,PMID:18404209,A/Vietnam/1203/04 (H5N1) virus carrying the triple N158S/Q226L/N248D HA mutation and grown in MDCK-SIAT1 cells was genetically stable and demonstrated the switch from avian to human receptor specificity (Figure 1B).
H3-combination_76_2,HA1-248D,H3,,158&226&248SLD,H3,PMID:18404209,A/Vietnam/1203/04 (H5N1) virus carrying the triple N158S/Q226L/N248D HA mutation and grown in MDCK-SIAT1 cells was genetically stable and demonstrated the switch from avian to human receptor specificity (Figure 1B).
H3-combination_77_0,HA1-158S,H3,,158&226SL,H3,PMID:18404209,"Surprisingly, H5N1 mutants carrying the triple mutation N158S/Q226L/N248D exhibited very weak SAα2,6Gal binding, whereas virus with the double mutation N158S/Q226L did not bind to any SAα2,3Gal sialosides but showed enhanced binding affinity to SAα2,6Gal-substrate (Figure 1B)."
H3-combination_77_1,HA1-226L,H3,,158&226SL,H3,PMID:18404209,"Surprisingly, H5N1 mutants carrying the triple mutation N158S/Q226L/N248D exhibited very weak SAα2,6Gal binding, whereas virus with the double mutation N158S/Q226L did not bind to any SAα2,3Gal sialosides but showed enhanced binding affinity to SAα2,6Gal-substrate (Figure 1B)."
H3-combination_78_0,HA1-137A,H3,,137&192AI,H3,PMID:17690300,"Finally, we identified mutations that increased a2,6-SA recognition (Table 1C), particularly the S137A,T192I variant that alters both the 130 loop and 190 helix."
H3-combination_78_1,HA1-192I,H3,,137&192AI,H3,PMID:17690300,"Finally, we identified mutations that increased a2,6-SA recognition (Table 1C), particularly the S137A,T192I variant that alters both the 130 loop and 190 helix."
H3,HA1-137A,H3,,137A,H3,PMID:17690300,"Finally, we identified mutations that increased a2,6-SA recognition (Table 1C), particularly the S137A,T192I variant that alters both the 130 loop and 190 helix."
H3,HA1-192I,H3,,192I,H3,PMID:17690300,"Finally, we identified mutations that increased a2,6-SA recognition (Table 1C), particularly the S137A,T192I variant that alters both the 130 loop and 190 helix."
H3,HA1-183N,H3,,183N,H3,PMID:17157891,"These viruses had 2 other AA substitutions, H183N (5/7 isolates) and E190T, which are also related to human virus-like receptor specificity."
H3,HA1-190T,H3,,190T,H3,PMID:17157891,"These viruses had 2 other AA substitutions, H183N (5/7 isolates) and E190T, which are also related to human virus-like receptor specificity."
H3,HA1-225D,H3,,225D,H3,PMID: 28694323,"However, we show here that a single nucleotide substitution, resulting in a change from Gly to Asp at position 225 (G225D), completely switches specificity to human-type (NeuAcα2-6Gal) receptors."
H5,HA1-227N,H3,,223N,H5,PMID:32853241,"We conclude that the S223N mutation results in increased binding to human-type receptors, which can only be observed for specific receptors and when using virus particles.(S227N according to H3 numbering)"
H5,HA1-104N,H3,,97N,H5,PMID:29563293,"In contrast, the HA D97N, R140K, and S217P variants with increased α2,6 Sia binding specificities, but not with increased membrane fusion pH thresholds, showed no significant change in viral replication levels."
H5,HA1-144K,H3,,140K,H5,PMID:29563293,"In contrast, the HA D97N, R140K, and S217P variants with increased α2,6 Sia binding specificities, but not with increased membrane fusion pH thresholds, showed no significant change in viral replication levels."
H5,HA1-221P,H3,,217P,H5,PMID:29563293,"In contrast, the HA D97N, R140K, and S217P variants with increased α2,6 Sia binding specificities, but not with increased membrane fusion pH thresholds, showed no significant change in viral replication levels."
H5,HA1-154V,H3,,150V,H5,PMID:29593694,"The hemagglutination assay suggests that HA A150V completely abolishes the binding of HA with SAα2,3 receptors, but enhanced binding with SAα2,6 receptors."
H5,HA1-197T,H3,,193T,H5,PMID:29491160,The addition of the K193T mutation to the H5 HA of a respiratory-droplet-transmissible virus dramatically improves both binding to human trachea epithelial cells and specificity for extended α2-6-sialylated N-linked glycans recognized by human influenza viruses.
H5-combination_90_0,HA1-220E,H3,,216&221EP,H5,PMID:26457729,"The S221P mutation in synergism with the K216E mutation in the binding site, resulted in increased binding affinity for SAα2,6Gal when compared to SAα2,3Gal, indicative of enhanced binding to human receptors."
H5-combination_90_1,HA1-225P,H3,,216&221EP,H5,PMID:26457729,"The S221P mutation in synergism with the K216E mutation in the binding site, resulted in increased binding affinity for SAα2,6Gal when compared to SAα2,3Gal, indicative of enhanced binding to human receptors."
H5,HA1-275S,H3,,272S,H5,PMID:26091504,"ISM analysis of H5N1 HA1 sequences of HPAIV circulating between 2006 and 2014 in Egypt suggested that the mutations K153D, S223N and G272S may significantly increase the affinity of these viruses towards the human receptor."
H5,HA1-157D,H3,,153D,H5,PMID:26091504,"ISM analysis of H5N1 HA1 sequences of HPAIV circulating between 2006 and 2014 in Egypt suggested that the mutations K153D, S223N and G272S may significantly increase the affinity of these viruses towards the human receptor."
H5,HA1-228S,H3,,224S,H5,PMID:24725402,"HAwild-type and HAH103Y, T156A bound stronger to various α2,3-SA analogs than to α2,6-SA, whereas HAQ222L, G224S and HAQ222L, G224S, H103Y, T156A showed the opposite binding preference (Figure S2B), thus yielding similar results as the direct binding assays."
H5,HA1-160A,H3,,156A,H5,PMID:24725402,"Collectively, we conclude from these studies that H103Y had no discernable effect on receptor binding preference, whereas T156A increased overall virus binding to both α2,3-SA and α2,6-SA, thus resulting in dual receptor specificity."
H5-combination_95_0,HA1-110Y,H3,,103&156&222&224YALS,H5,PMID:24725402,"Introduction of H103Y and T156A in HAQ222L, G224S resulted in increased binding to α2,6-SA receptors but also low binding to α2,3-SA."
H5-combination_95_1,HA1-160A,H3,,103&156&222&224YALS,H5,PMID:24725402,"Introduction of H103Y and T156A in HAQ222L, G224S resulted in increased binding to α2,6-SA receptors but also low binding to α2,3-SA."
H5-combination_95_2,HA1-226L,H3,,103&156&222&224YALS,H5,PMID:24725402,"Introduction of H103Y and T156A in HAQ222L, G224S resulted in increased binding to α2,6-SA receptors but also low binding to α2,3-SA."
H5-combination_95_3,HA1-228S,H3,,103&156&222&224YALS,H5,PMID:24725402,"Introduction of H103Y and T156A in HAQ222L, G224S resulted in increased binding to α2,6-SA receptors but also low binding to α2,3-SA."
H5-combination_96_0,HA1-226L,H3,,222&224LS,H5,PMID:24725402,"Introduction of the Q222L and G224S in HAwild-type resulted in a switch in receptor binding specificity from α2,3-SA to α2,6-SA as expected, with no residual α2,3-SA binding."
H5-combination_96_1,HA1-228S,H3,,222&224LS,H5,PMID:24725402,"Introduction of the Q222L and G224S in HAwild-type resulted in a switch in receptor binding specificity from α2,3-SA to α2,6-SA as expected, with no residual α2,3-SA binding."
H5,HA1-214I,H3,,210I,H5,PMID:21637809,"When introduced as a single mutation in the HA of EG/D1, V210I partially increased α2,6 SA binding, but there was not an appreciable increase in binding in the V210I/129Δ/I151T triple mutant (Figure 5)."
H5,HA1-239P,H3,,235P,H5,PMID:21637809,"However, introduction of the S235P mutation into EG/D1 HA (denoted rEG/D1S235P) only slightly increased α2,6 SA binding."
H5,HA1-196H,H3,,192H,H5,PMID:21637809,These findings suggested that the Q192H mutation in H5N1 avian viruses increased the binding affinity of HA for the human receptor.
H5-combination_100_0,HA1-144R,H3,,140&218&248RKI,H5,PMID:20980529,"Although the mutated K140R/E218K/V248I and Y191C/E218K/V248I sequences decreased the HA binding capacity to α2,3-linked SA, they were shown to bind α2,6-linked SA with increased affinity."
H5-combination_100_1,HA1-222K,H3,,140&218&248RKI,H5,PMID:20980529,"Although the mutated K140R/E218K/V248I and Y191C/E218K/V248I sequences decreased the HA binding capacity to α2,3-linked SA, they were shown to bind α2,6-linked SA with increased affinity."
H5-combination_100_2,HA1-252I,H3,,140&218&248RKI,H5,PMID:20980529,"Although the mutated K140R/E218K/V248I and Y191C/E218K/V248I sequences decreased the HA binding capacity to α2,3-linked SA, they were shown to bind α2,6-linked SA with increased affinity."
H5-combination_101_0,HA1-195C,H3,,191&218&248CKI,H5,PMID:20980529,"Although the mutated K140R/E218K/V248I and Y191C/E218K/V248I sequences decreased the HA binding capacity to α2,3-linked SA, they were shown to bind α2,6-linked SA with increased affinity."
H5-combination_101_1,HA1-222K,H3,,191&218&248CKI,H5,PMID:20980529,"Although the mutated K140R/E218K/V248I and Y191C/E218K/V248I sequences decreased the HA binding capacity to α2,3-linked SA, they were shown to bind α2,6-linked SA with increased affinity."
H5-combination_101_2,HA1-252I,H3,,191&218&248CKI,H5,PMID:20980529,"Although the mutated K140R/E218K/V248I and Y191C/E218K/V248I sequences decreased the HA binding capacity to α2,3-linked SA, they were shown to bind α2,6-linked SA with increased affinity."
H5-combination_102_0,HA1-124V,H3,no mention,129&134VV,H5,PMID:17626098,"We describe here substitutions at position 129 and 134 identified in a virus isolated from a fatal human case that could change the receptor-binding preference of HA of H5N1 virus from SAalpha2,3Gal to both SAalpha2,3Gal and SAalpha2,6Gal."
H5-combination_102_1,HA1-138V,H3,no mention,129&134VV,H5,PMID:17626098,"We describe here substitutions at position 129 and 134 identified in a virus isolated from a fatal human case that could change the receptor-binding preference of HA of H5N1 virus from SAalpha2,3Gal to both SAalpha2,3Gal and SAalpha2,6Gal."
H5,HA1-124V,H3,no mention,129V,H5,PMID:17626098,"We describe here substitutions at position 129 and 134 identified in a virus isolated from a fatal human case that could change the receptor-binding preference of HA of H5N1 virus from SAalpha2,3Gal to both SAalpha2,3Gal and SAalpha2,6Gal."
H5,HA1-138V,H3,,134V,H5,PMID:17626098,"We describe here substitutions at position 129 and 134 identified in a virus isolated from a fatal human case that could change the receptor-binding preference of HA of H5N1 virus from SAalpha2,3Gal to both SAalpha2,3Gal and SAalpha2,6Gal."
H5,HA1-197K,H3,,193K,H5,PMID:17108965,"When introduced singly into the VN1194 HA, none of these amino acid substitutions enhanced binding to SAα2,6Gal, with the exception of Asn193→Lys, which increased binding capacity slightly (Supplementary Fig. 4a)."
H5,HA1-196R,H3,,192R,H5,PMID:17108965,"Introduction of the Gln192→Arg mutation, but not the Ser223→Asn mutation, into the HA of VN1194 appreciably enhanced the capacity of the HA to recognize SAα2,6Gal, and introduction of both mutations increased the binding capacity further."
H5-combination_107_0,HA1-75K,H5,,75&123KP,H5,PMID:17108965,"Different pairs of these amino acid residues substituted at positions 75, 123 and 193 (in HA1) and 167 (in HA2) produced variable increases in SAα2,6Gal recognition."
H5-combination_107_1,HA1-128P,H3,,75&123KP,H5,PMID:17108965,"Different pairs of these amino acid residues substituted at positions 75, 123 and 193 (in HA1) and 167 (in HA2) produced variable increases in SAα2,6Gal recognition."
H5-combination_108_0,HA1-75K,H5,,75&193KK,H5,PMID:17108965,"Different pairs of these amino acid residues substituted at positions 75, 123 and 193 (in HA1) and 167 (in HA2) produced variable increases in SAα2,6Gal recognition."
H5-combination_108_1,HA1-197K,H3,,75&193KK,H5,PMID:17108965,"Different pairs of these amino acid residues substituted at positions 75, 123 and 193 (in HA1) and 167 (in HA2) produced variable increases in SAα2,6Gal recognition."
H5-combination_109_0,HA1-75K,H5,,H5-HA1-75K&H5-HA2-167K,H5,PMID:17108965,"Different pairs of these amino acid residues substituted at positions 75, 123 and 193 (in HA1) and 167 (in HA2) produced variable increases in SAα2,6Gal recognition."
H5-combination_109_1,HA2-167K,H3,,H5-HA1-75K&H5-HA2-167K,H5,PMID:17108965,"Different pairs of these amino acid residues substituted at positions 75, 123 and 193 (in HA1) and 167 (in HA2) produced variable increases in SAα2,6Gal recognition."
H5-combination_110_0,HA1-128P,H3,,123&193PK,H5,PMID:17108965,"Different pairs of these amino acid residues substituted at positions 75, 123 and 193 (in HA1) and 167 (in HA2) produced variable increases in SAα2,6Gal recognition."
H5-combination_110_1,HA1-197K,H3,,123&193PK,H5,PMID:17108965,"Different pairs of these amino acid residues substituted at positions 75, 123 and 193 (in HA1) and 167 (in HA2) produced variable increases in SAα2,6Gal recognition."
H5-combination_111_0,HA1-75K,H5,,H5-HA1-75K&H5-HA2-167K&H5-HA1-193K,H5,PMID:17108965,"The introduction of various combinations of three mutations into the VN1194 HA enhanced SAα2,6Gal binding even further."
H5-combination_111_1,HA2-167K,H3,,H5-HA1-75K&H5-HA2-167K&H5-HA1-193K,H5,PMID:17108965,"The introduction of various combinations of three mutations into the VN1194 HA enhanced SAα2,6Gal binding even further."
H5-combination_111_2,HA1-197K,H3,,H5-HA1-75K&H5-HA2-167K&H5-HA1-193K,H5,PMID:17108965,"The introduction of various combinations of three mutations into the VN1194 HA enhanced SAα2,6Gal binding even further."
H5-combination_112_0,HA2-167K,H3,,H5-HA2-167K&H5-HA1-193K,H5,PMID:17108965,"Different pairs of these amino acid residues substituted at positions 75, 123 and 193 (in HA1) and 167 (in HA2) produced variable increases in SAα2,6Gal recognition."
H5-combination_112_1,HA1-197K,H3,,H5-HA2-167K&H5-HA1-193K,H5,PMID:17108965,"Different pairs of these amino acid residues substituted at positions 75, 123 and 193 (in HA1) and 167 (in HA2) produced variable increases in SAα2,6Gal recognition."
H5-combination_113_0,HA1-75K,H5,,75&123&193KPK,H5,PMID:17108965,"The introduction of various combinations of three mutations into the VN1194 HA enhanced SAα2,6Gal binding even further."
H5-combination_113_1,HA1-128P,H3,,75&123&193KPK,H5,PMID:17108965,"The introduction of various combinations of three mutations into the VN1194 HA enhanced SAα2,6Gal binding even further."
H5-combination_113_2,HA1-197K,H3,,75&123&193KPK,H5,PMID:17108965,"The introduction of various combinations of three mutations into the VN1194 HA enhanced SAα2,6Gal binding even further."
H5-combination_114_0,HA1-128P,H3,,H5-HA1-123P&H5-HA2-167K,H5,PMID:17108965,"Different pairs of these amino acid residues substituted at positions 75, 123 and 193 (in HA1) and 167 (in HA2) produced variable increases in SAα2,6Gal recognition."
H5-combination_114_1,HA2-167K,H3,,H5-HA1-123P&H5-HA2-167K,H5,PMID:17108965,"Different pairs of these amino acid residues substituted at positions 75, 123 and 193 (in HA1) and 167 (in HA2) produced variable increases in SAα2,6Gal recognition."
H5-combination_115_0,HA1-128P,H3,,H5-HA1-123P&H5-HA2-167K&H5-HA1-193K,H5,PMID:17108965,"The introduction of various combinations of three mutations into the VN1194 HA enhanced SAα2,6Gal binding even further."
H5-combination_115_1,HA2-167K,H3,,H5-HA1-123P&H5-HA2-167K&H5-HA1-193K,H5,PMID:17108965,"The introduction of various combinations of three mutations into the VN1194 HA enhanced SAα2,6Gal binding even further."
H5-combination_115_2,HA1-197K,H3,,H5-HA1-123P&H5-HA2-167K&H5-HA1-193K,H5,PMID:17108965,"The introduction of various combinations of three mutations into the VN1194 HA enhanced SAα2,6Gal binding even further."
H5,HA1-186K,H3,,182K,H5,PMID:17108965,"The Thai/KAN virus also showed two amino acid changes in HA1 as compared with VN1194: Gly139→Arg and Asn182→Lys. Introduction of either mutation into the VN1194 HA enhanced SAα2,6Gal binding (Fig. 2b), and an additional increase in binding capacity was observed when both mutations were substituted simultaneously."
H5-combination_117_0,HA1-196R,H3,,192&223RN,H5,PMID:17108965,"Introduction of the Gln192→Arg mutation, but not the Ser223→Asn mutation, into the HA of VN1194 appreciably enhanced the capacity of the HA to recognize SAα2,6Gal, and introduction of both mutations increased the binding capacity further."
H5-combination_117_1,HA1-227N,H3,,192&223RN,H5,PMID:17108965,"Introduction of the Gln192→Arg mutation, but not the Ser223→Asn mutation, into the HA of VN1194 appreciably enhanced the capacity of the HA to recognize SAα2,6Gal, and introduction of both mutations increased the binding capacity further."
H5,HA1-143R,H3,,139R,H5,PMID:17108965,"The Thai/KAN virus also showed two amino acid changes in HA1 as compared with VN1194: Gly139→Arg and Asn182→Lys. Introduction of either mutation into the VN1194 HA enhanced SAα2,6Gal binding (Fig. 2b), and an additional increase in binding capacity was observed when both mutations were substituted simultaneously."
H5-combination_119_0,HA1-143R,H3,,139&182RK,H5,PMID:17108965,"The Thai/KAN virus also showed two amino acid changes in HA1 as compared with VN1194: Gly139→Arg and Asn182→Lys. Introduction of either mutation into the VN1194 HA enhanced SAα2,6Gal binding (Fig. 2b), and an additional increase in binding capacity was observed when both mutations were substituted simultaneously."
H5-combination_119_1,HA1-186K,H3,,139&182RK,H5,PMID:17108965,"The Thai/KAN virus also showed two amino acid changes in HA1 as compared with VN1194: Gly139→Arg and Asn182→Lys. Introduction of either mutation into the VN1194 HA enhanced SAα2,6Gal binding (Fig. 2b), and an additional increase in binding capacity was observed when both mutations were substituted simultaneously."
H6,HA1-189L,H3,,186L,H6,PMID:25940072,The P186L substitution could reduce the binding to avian receptor and evolved into a human receptor preference.
H7,HA1-186V,H3,,177V,H7,PMID:31138362,"Besides, the substitution G177V was detected in HA protein, suggesting their increased affinities to human type receptors."
H7,HA1-226L,H3,,217L,H7,PMID:31138362,"HA Q217L has been shown to be associated with increased binding to human-like α2,6 receptors."
H7-combination_123_0,HA1-219-,H3,,210-213CompleteDeletion,H7,PMID:28468875,"The Δ210–213 deletion mutant showed the largest increase in avidity for 6SLN (>75-fold-stronger relative binding), whereas the Δ208–213 mutant showed a modest increase (>7-fold increase) compared to the wt UDL1/08 virus."
H7-combination_123_1,HA1-220-,H3,,210-213CompleteDeletion,H7,PMID:28468875,"The Δ210–213 deletion mutant showed the largest increase in avidity for 6SLN (>75-fold-stronger relative binding), whereas the Δ208–213 mutant showed a modest increase (>7-fold increase) compared to the wt UDL1/08 virus."
H7-combination_123_2,HA1-221-,H3,,210-213CompleteDeletion,H7,PMID:28468875,"The Δ210–213 deletion mutant showed the largest increase in avidity for 6SLN (>75-fold-stronger relative binding), whereas the Δ208–213 mutant showed a modest increase (>7-fold increase) compared to the wt UDL1/08 virus."
H7-combination_123_3,HA1-222-,H3,,210-213CompleteDeletion,H7,PMID:28468875,"The Δ210–213 deletion mutant showed the largest increase in avidity for 6SLN (>75-fold-stronger relative binding), whereas the Δ208–213 mutant showed a modest increase (>7-fold increase) compared to the wt UDL1/08 virus."
H7-combination_124_0,HA1-217-,H3,,208-213CompleteDeletion,H7,PMID:28468875,"The Δ210–213 deletion mutant showed the largest increase in avidity for 6SLN (>75-fold-stronger relative binding), whereas the Δ208–213 mutant showed a modest increase (>7-fold increase) compared to the wt UDL1/08 virus."
H7-combination_124_1,HA1-218-,H3,,208-213CompleteDeletion,H7,PMID:28468875,"The Δ210–213 deletion mutant showed the largest increase in avidity for 6SLN (>75-fold-stronger relative binding), whereas the Δ208–213 mutant showed a modest increase (>7-fold increase) compared to the wt UDL1/08 virus."
H7-combination_124_2,HA1-219-,H3,,208-213CompleteDeletion,H7,PMID:28468875,"The Δ210–213 deletion mutant showed the largest increase in avidity for 6SLN (>75-fold-stronger relative binding), whereas the Δ208–213 mutant showed a modest increase (>7-fold increase) compared to the wt UDL1/08 virus."
H7-combination_124_3,HA1-220-,H3,,208-213CompleteDeletion,H7,PMID:28468875,"The Δ210–213 deletion mutant showed the largest increase in avidity for 6SLN (>75-fold-stronger relative binding), whereas the Δ208–213 mutant showed a modest increase (>7-fold increase) compared to the wt UDL1/08 virus."
H7-combination_124_4,HA1-221-,H3,,208-213CompleteDeletion,H7,PMID:28468875,"The Δ210–213 deletion mutant showed the largest increase in avidity for 6SLN (>75-fold-stronger relative binding), whereas the Δ208–213 mutant showed a modest increase (>7-fold increase) compared to the wt UDL1/08 virus."
H7-combination_124_5,HA1-222-,H3,,208-213CompleteDeletion,H7,PMID:28468875,"The Δ210–213 deletion mutant showed the largest increase in avidity for 6SLN (>75-fold-stronger relative binding), whereas the Δ208–213 mutant showed a modest increase (>7-fold increase) compared to the wt UDL1/08 virus."
H7-combination_125_0,HA1-104K,H3,,94&219KS,H7,PMID:26792744,"The N94K substitution significantly increased affinity to both α2,3- and α2,6-linked SA to levels comparable to those seen with the G219S substitution (Fig. 4A, D, and G)."
H7-combination_125_1,HA1-228S,H3,,94&219KS,H7,PMID:26792744,"The N94K substitution significantly increased affinity to both α2,3- and α2,6-linked SA to levels comparable to those seen with the G219S substitution (Fig. 4A, D, and G)."
H7,HA1-228S,H3,,219S,H7,PMID:26792744,"Moreover, the G219S substitution significantly increased overall binding affinities to α2,3- and α2,6-linked SA (Fig. 1C and F)."
H7,HA1-307D,H3,,298D,H7,PMID:25068439,"In addition, it is noted that the mutations of Gln226Leu and Glu312Arg act in favor of the binding of human HA (H7N9) to the avian receptor, while the mutation Asn298Asp acts in the opposite way."
H9,HA1-226L,H3,,216L,H9,PMID:34130471,"Whereas most previous sequences from Iran have Glu (Q) at position 216, the A/chicken/Iran/1/2018 H9N2 strain carried the substitution (Q216L). This mutation is correlated with a shift in the affinity of the HA from avian to human type and from a preference for α 2, 3 to α 2, 6 link between the sialic acid residues and galactose."
H9-combination_129_0,HA1-201-,H3,,191&234-L,H9,PMID:29522492,"The receptor binding site of HA of Egyptian H9N2 viruses has been shown to contain the Q234L substitution along with a H191 mutation, which can increase human-like receptor specificity."
H9-combination_129_1,HA1-244L,H3,,191&234-L,H9,PMID:29522492,"The receptor binding site of HA of Egyptian H9N2 viruses has been shown to contain the Q234L substitution along with a H191 mutation, which can increase human-like receptor specificity."
H9-combination_130_0,HA1-322D,H3,,313&496DS,H9,PMID:25782865,"The other two substitutions (HA-N313D and HA-N496S) enhanced binding to both α2,3-linked and α2,6-linked sialic acid receptors."
H9-combination_130_1,HA2-158S,H3,,313&496DS,H9,PMID:25782865,"The other two substitutions (HA-N313D and HA-N496S) enhanced binding to both α2,3-linked and α2,6-linked sialic acid receptors."
